lineage,synonyms
A,
A.1,
A.11,
A.2.2,
A.2.3,
A.2.5,
A.2.5.1,
A.2.5.2,
A.21,
A.23.1,
A.25,
A.26,
A.27,
A.28,
A.29,
A.3,
A.4,
A.5,
A.6,
AA.2,
AA.3,
AA.4,
AA.5,
AA.7,
AA.8,
AC.1,
AD.2,
AE.2,
AE.4,
AE.6,
AE.7,
AF.1,
AH.2,
AK.1,
AM.3,
AN.1,
AP.1,
AS.1,
AS.2,
AV.1,
AY.10,Delta
AY.100,Delta
AY.101,Delta
AY.102,Delta
AY.103,Delta
AY.103.1,Delta
AY.104,Delta
AY.105,Delta
AY.106,Delta
AY.107,Delta
AY.108,Delta
AY.109,Delta
AY.11,Delta
AY.110,Delta
AY.111,Delta
AY.112.1,Delta
AY.112.2,Delta
AY.113,Delta
AY.114,Delta
AY.116.1,Delta
AY.117,Delta
AY.118,Delta
AY.119,Delta
AY.119.1,Delta
AY.119.2,Delta
AY.120,Delta
AY.120.1,Delta
AY.120.2,Delta
AY.120.2.1,Delta
AY.121,Delta
AY.121.1,Delta
AY.122,Delta
AY.122.1,Delta
AY.122.2,Delta
AY.122.3,Delta
AY.122.4,Delta
AY.122.5,Delta
AY.122.6,Delta
AY.123,Delta
AY.123.1,Delta
AY.124,Delta
AY.124.1,Delta
AY.124.1.1,Delta
AY.125,Delta
AY.126,Delta
AY.127,Delta
AY.127.1,Delta
AY.128,Delta
AY.129,Delta
AY.13,Delta
AY.130,Delta
AY.131,Delta
AY.132,Delta
AY.133,Delta
AY.134,Delta
AY.14,Delta
AY.15,Delta
AY.16,Delta
AY.16.1,Delta
AY.17,Delta
AY.2,Delta
AY.20,Delta
AY.20.1,Delta
AY.21,Delta
AY.22,Delta
AY.23,Delta
AY.23.1,Delta
AY.23.2,Delta
AY.24,Delta
AY.25,Delta
AY.25.1,Delta
AY.25.1.1,Delta
AY.25.1.2,Delta
AY.25.2,Delta
AY.25.3,Delta
AY.26,Delta
AY.27,Delta
AY.28,Delta
AY.29,Delta
AY.29.1,Delta
AY.29.2,Delta
AY.3,Delta
AY.3.1,Delta
AY.3.3,Delta
AY.3.4,Delta
AY.30,Delta
AY.31,Delta
AY.32,Delta
AY.33,Delta
AY.33.1,Delta
AY.33.2,Delta
AY.34,Delta
AY.34.1,Delta
AY.34.1.1,Delta
AY.34.2,Delta
AY.35,Delta
AY.36,Delta
AY.36.1,Delta
AY.37,Delta
AY.39,Delta
AY.39.1,Delta
AY.39.1.1,Delta
AY.39.2,Delta
AY.39.3,Delta
AY.4,Delta
AY.4.1,Delta
AY.4.10,Delta
AY.4.11,Delta
AY.4.13,Delta
AY.4.14,Delta
AY.4.15,Delta
AY.4.2,Delta
AY.4.2.1,Delta
AY.4.2.2,Delta
AY.4.2.3,Delta
AY.4.2.4,Delta
AY.4.2.5,Delta
AY.4.3,Delta
AY.4.4,Delta
AY.4.5,Delta
AY.4.6,Delta
AY.4.7,Delta
AY.4.8,Delta
AY.4.9,Delta
AY.41,Delta
AY.42,Delta
AY.42.1,Delta
AY.43,Delta
AY.43.1,Delta
AY.43.2,Delta
AY.43.4,Delta
AY.43.5,Delta
AY.43.6,Delta
AY.43.7,Delta
AY.43.8,Delta
AY.43.9,Delta
AY.44,Delta
AY.45,Delta
AY.46,Delta
AY.46.1,Delta
AY.46.2,Delta
AY.46.3,Delta
AY.46.4,Delta
AY.46.5,Delta
AY.46.6,Delta
AY.47,Delta
AY.48,Delta
AY.49,Delta
AY.5,Delta
AY.5.2,Delta
AY.5.3,Delta
AY.5.4,Delta
AY.5.5,Delta
AY.50,Delta
AY.51,Delta
AY.52,Delta
AY.53,Delta
AY.54,Delta
AY.56,Delta
AY.57,Delta
AY.58,Delta
AY.59,Delta
AY.6,Delta
AY.60,Delta
AY.61,Delta
AY.62,Delta
AY.63,Delta
AY.64,Delta
AY.65,Delta
AY.66,Delta
AY.67,Delta
AY.68,Delta
AY.69,Delta
AY.7,Delta
AY.7.1,Delta
AY.7.2,Delta
AY.70,Delta
AY.71,Delta
AY.72,Delta
AY.73,Delta
AY.74,Delta
AY.75,Delta
AY.75.2,Delta
AY.76,Delta
AY.77,Delta
AY.78,Delta
AY.8,Delta
AY.80,Delta
AY.81,Delta
AY.83,Delta
AY.84,Delta
AY.85,Delta
AY.86,Delta
AY.87,Delta
AY.88,Delta
AY.9,Delta
AY.9.2,Delta
AY.9.2.2,Delta
AY.90,Delta
AY.91,Delta
AY.91.1,Delta
AY.92,Delta
AY.94,Delta
AY.95,Delta
AY.98,Delta
AY.98.1,Delta
AY.98.1.1,Delta
AY.99,Delta
AY.99.1,Delta
AY.99.2,Delta
AZ.2,
AZ.2.1,
AZ.3,
AZ.4,
AZ.5,
B.1.1.111,
B.1.1.113,
B.1.1.114,
B.1.1.123,
B.1.1.125,
B.1.1.128,
B.1.1.130,
B.1.1.132,
B.1.1.133,
B.1.1.136,
B.1.1.138,
B.1.1.139,
B.1.1.14,
B.1.1.141,
B.1.1.144,
B.1.1.145,
B.1.1.147,
B.1.1.149,
B.1.1.15,
B.1.1.153,
B.1.1.154,
B.1.1.159,
B.1.1.16,
B.1.1.162,
B.1.1.163,
B.1.1.165,
B.1.1.17,
B.1.1.170,
B.1.1.171,
B.1.1.176,
B.1.1.177,
B.1.1.178,
B.1.1.181,
B.1.1.186,
B.1.1.187,
B.1.1.190,
B.1.1.196,
B.1.1.198,
B.1.1.203,
B.1.1.204,
B.1.1.205,
B.1.1.207,
B.1.1.213,
B.1.1.214,
B.1.1.217,
B.1.1.218,
B.1.1.219,
B.1.1.225,
B.1.1.226,
B.1.1.227,
B.1.1.228,
B.1.1.229,
B.1.1.231,
B.1.1.232,
B.1.1.234,
B.1.1.236,
B.1.1.237,
B.1.1.239,
B.1.1.240,
B.1.1.241,
B.1.1.243,
B.1.1.249,
B.1.1.251,
B.1.1.255,
B.1.1.256,
B.1.1.257,
B.1.1.258,
B.1.1.26,
B.1.1.262,
B.1.1.263,
B.1.1.265,
B.1.1.266,
B.1.1.268,
B.1.1.269,
B.1.1.270,
B.1.1.272,
B.1.1.277,
B.1.1.279,
B.1.1.280,
B.1.1.284,
B.1.1.286,
B.1.1.289,
B.1.1.29,
B.1.1.290,
B.1.1.291,
B.1.1.294,
B.1.1.296,
B.1.1.297,
B.1.1.298,
B.1.1.299,
B.1.1.3,
B.1.1.300,
B.1.1.301,
B.1.1.302,
B.1.1.303,
B.1.1.305,
B.1.1.307,
B.1.1.308,
B.1.1.309,
B.1.1.310,
B.1.1.311,
B.1.1.312,
B.1.1.316,
B.1.1.317,
B.1.1.318,
B.1.1.320,
B.1.1.322,
B.1.1.323,
B.1.1.326,
B.1.1.328,
B.1.1.329,
B.1.1.337,
B.1.1.339,
B.1.1.341,
B.1.1.344,
B.1.1.347,
B.1.1.348,
B.1.1.349,
B.1.1.351,
B.1.1.352,
B.1.1.354,
B.1.1.356,
B.1.1.358,
B.1.1.359,
B.1.1.360,
B.1.1.361,
B.1.1.362,
B.1.1.363,
B.1.1.365,
B.1.1.368,
B.1.1.369,
B.1.1.37,
B.1.1.371,
B.1.1.374,
B.1.1.376,
B.1.1.379,
B.1.1.380,
B.1.1.382,
B.1.1.383,
B.1.1.384,
B.1.1.39,
B.1.1.392,
B.1.1.395,
B.1.1.4,
B.1.1.40,
B.1.1.403,
B.1.1.404,
B.1.1.406,
B.1.1.408,
B.1.1.41,
B.1.1.413,
B.1.1.416,
B.1.1.418,
B.1.1.420,
B.1.1.423,
B.1.1.426,
B.1.1.428,
B.1.1.429,
B.1.1.432,
B.1.1.433,
B.1.1.434,
B.1.1.437,
B.1.1.44,
B.1.1.441,
B.1.1.445,
B.1.1.450,
B.1.1.453,
B.1.1.459,
B.1.1.46,
B.1.1.461,
B.1.1.464,
B.1.1.467,
B.1.1.47,
B.1.1.48,
B.1.1.482,
B.1.1.486,
B.1.1.487,
B.1.1.49,
B.1.1.5,
B.1.1.50,
B.1.1.500,
B.1.1.507,
B.1.1.51,
B.1.1.512,
B.1.1.514,
B.1.1.517,
B.1.1.518,
B.1.1.519,
B.1.1.521,
B.1.1.523,
B.1.1.525,
B.1.1.528,
B.1.1.55,
B.1.1.58,
B.1.1.63,
B.1.1.67,
B.1.1.7,Alpha
B.1.1.70,
B.1.1.71,
B.1.1.72,
B.1.1.74,
B.1.1.77,
B.1.1.86,
B.1.1.93,
B.1.1.97,
B.1.1.98,
B.1.104,
B.1.106,
B.1.108,
B.1.110.3,
B.1.112,
B.1.115,
B.1.116,
B.1.117,
B.1.12,
B.1.120,
B.1.124,
B.1.126,
B.1.128,
B.1.13,
B.1.131,
B.1.139,
B.1.145,
B.1.146,
B.1.147,
B.1.149,
B.1.151,
B.1.157,
B.1.159,
B.1.160.10,
B.1.160.11,
B.1.160.12,
B.1.160.15,
B.1.160.16,
B.1.160.19,
B.1.160.20,
B.1.160.22,
B.1.160.23,
B.1.160.25,
B.1.160.26,
B.1.160.27,
B.1.160.28,
B.1.160.29,
B.1.160.33,
B.1.160.9,
B.1.162,
B.1.163,
B.1.164,
B.1.165,
B.1.168,
B.1.177,
B.1.177.10,
B.1.177.11,
B.1.177.12,
B.1.177.15,
B.1.177.16,
B.1.177.17,
B.1.177.18,
B.1.177.19,
B.1.177.2,
B.1.177.20,
B.1.177.21,
B.1.177.23,
B.1.177.26,
B.1.177.28,
B.1.177.3,
B.1.177.30,
B.1.177.31,
B.1.177.32,
B.1.177.33,
B.1.177.4,
B.1.177.43,
B.1.177.44,
B.1.177.45,
B.1.177.47,
B.1.177.48,
B.1.177.5,
B.1.177.52,
B.1.177.53,
B.1.177.54,
B.1.177.55,
B.1.177.57,
B.1.177.58,
B.1.177.6,
B.1.177.60,
B.1.177.62,
B.1.177.63,
B.1.177.65,
B.1.177.69,
B.1.177.7,
B.1.177.71,
B.1.177.73,
B.1.177.74,
B.1.177.75,
B.1.177.77,
B.1.177.8,
B.1.177.82,
B.1.177.83,
B.1.177.84,
B.1.177.85,
B.1.177.86,
B.1.177.87,
B.1.177.89,
B.1.178,
B.1.181,
B.1.188,
B.1.189,
B.1.190,
B.1.198,
B.1.2,
B.1.210,
B.1.213,
B.1.214,
B.1.214.2,
B.1.214.3,
B.1.218,
B.1.219,
B.1.220,
B.1.221,
B.1.221.1,
B.1.221.2,
B.1.223,
B.1.225,
B.1.229,
B.1.23,
B.1.231,
B.1.232,
B.1.233,
B.1.234,
B.1.235,
B.1.236,
B.1.237,
B.1.239,
B.1.240.2,
B.1.243.1,
B.1.243.2,
B.1.248,
B.1.249,
B.1.250,
B.1.251,
B.1.254,
B.1.256,
B.1.258,
B.1.258.10,
B.1.258.12,
B.1.258.14,
B.1.258.16,
B.1.258.2,
B.1.258.23,
B.1.258.24,
B.1.258.3,
B.1.258.4,
B.1.258.5,
B.1.258.6,
B.1.258.7,
B.1.265,
B.1.267,
B.1.273,
B.1.274,
B.1.276,
B.1.277,
B.1.280,
B.1.281,
B.1.282,
B.1.287,
B.1.293,
B.1.294,
B.1.298,
B.1.3,
B.1.301,
B.1.304,
B.1.305,
B.1.306,
B.1.308,
B.1.309,
B.1.310,
B.1.311,
B.1.313,
B.1.315,
B.1.318,
B.1.319,
B.1.324,
B.1.325,
B.1.328,
B.1.329,
B.1.330,
B.1.332,
B.1.334,
B.1.335,
B.1.337,
B.1.338,
B.1.340,
B.1.341,
B.1.344,
B.1.346,
B.1.348,
B.1.349,
B.1.351,Beta
B.1.351.2,Beta
B.1.351.3,Beta
B.1.355,
B.1.356,
B.1.359,
B.1.36.1,
B.1.36.12,
B.1.36.16,
B.1.36.18,
B.1.36.2,
B.1.36.20,
B.1.36.23,
B.1.36.24,
B.1.36.27,
B.1.36.28,
B.1.36.29,
B.1.36.31,
B.1.36.34,
B.1.36.35,
B.1.36.39,
B.1.36.7,
B.1.36.9,
B.1.361,
B.1.362,
B.1.362.1,
B.1.362.2,
B.1.363,
B.1.366,
B.1.367,
B.1.37,
B.1.371,
B.1.375,
B.1.377,
B.1.379,
B.1.38,
B.1.381,
B.1.383,
B.1.384,
B.1.385,
B.1.389,
B.1.39,
B.1.391,
B.1.393,
B.1.396,
B.1.397,
B.1.398,
B.1.40,
B.1.400.1,
B.1.402,
B.1.403,
B.1.404,
B.1.405,
B.1.407,
B.1.408,
B.1.409,
B.1.411,
B.1.415,
B.1.415.1,
B.1.416,
B.1.416.1,
B.1.418,
B.1.420,
B.1.421,
B.1.423,
B.1.425,
B.1.426,
B.1.427,Epsilon
B.1.428.1,
B.1.428.2,
B.1.429,Epsilon
B.1.429.1,Epsilon
B.1.431,
B.1.433,
B.1.435,
B.1.436,
B.1.437,
B.1.438,
B.1.438.1,
B.1.438.3,
B.1.438.4,
B.1.439,
B.1.44,
B.1.441,
B.1.443,
B.1.444,
B.1.445,
B.1.448,
B.1.460,
B.1.462,
B.1.465,
B.1.466.1,
B.1.466.2,
B.1.467,
B.1.469,
B.1.471,
B.1.474,
B.1.478,
B.1.479,
B.1.480,
B.1.485,
B.1.487,
B.1.491,
B.1.492,
B.1.493,
B.1.494,
B.1.495,
B.1.496,
B.1.497,
B.1.498,
B.1.499,
B.1.501,
B.1.502,
B.1.503,
B.1.504,
B.1.505,
B.1.507,
B.1.508,
B.1.509,
B.1.515,
B.1.516,
B.1.517,
B.1.521,
B.1.523,
B.1.524,
B.1.525,Eta
B.1.526,Iota
B.1.530,
B.1.532,
B.1.539,
B.1.541,
B.1.543,
B.1.544,
B.1.546,
B.1.549,
B.1.550,
B.1.551,
B.1.552,
B.1.554,
B.1.556,
B.1.557,
B.1.559,
B.1.561,
B.1.563,
B.1.565,
B.1.567,
B.1.568,
B.1.569,
B.1.570,
B.1.571,
B.1.574,
B.1.575,
B.1.575.1,
B.1.577,
B.1.579,
B.1.581,
B.1.585,
B.1.587,
B.1.588,
B.1.590,
B.1.591,
B.1.594,
B.1.595.1,
B.1.595.3,
B.1.595.4,
B.1.596,
B.1.596.1,
B.1.599,
B.1.601,
B.1.602,
B.1.603,
B.1.604,
B.1.605,
B.1.606,
B.1.610,
B.1.617,
B.1.617.1,Kappa
B.1.617.2,Delta
B.1.617.3,
B.1.619,
B.1.620,
B.1.621,Mu
B.1.621.1,Mu
B.1.621.2,Mu
B.1.623,
B.1.625,
B.1.626,
B.1.627,
B.1.629,
B.1.630,
B.1.631,
B.1.632,
B.1.634,
B.1.635,
B.1.636,
B.1.637,
B.1.637.1,
B.1.639,
B.1.640,
B.1.640.1,
B.1.640.2,
B.1.69,
B.1.70,
B.1.9,
B.1.9.1,
B.1.9.2,
B.1.9.4,
B.1.93,
B.1.96,
B.1.97,
B.10,
B.11,
B.12,
B.13,
B.15,
B.23,
B.27,
B.28,
B.29,
B.3,
B.3.1,
B.30,
B.31,
B.32,
B.34,
B.35,
B.4,
B.4.4,
B.4.5,
B.4.7,
B.43,
B.45,
B.46,
B.51,
B.52,
B.57,
B.58,
B.6,
B.6.6,
B.60,
BA.1.1.1,Omicron
BA.1.1.10,Omicron
BA.1.1.11,Omicron
BA.1.1.12,Omicron
BA.1.1.13,Omicron
BA.1.1.14,Omicron
BA.1.1.15,Omicron
BA.1.1.16,Omicron
BA.1.1.17,Omicron
BA.1.1.18,Omicron
BA.1.1.2,Omicron
BA.1.1.3,Omicron
BA.1.1.4,Omicron
BA.1.1.8,Omicron
BA.1.1.9,Omicron
BA.1.10,Omicron
BA.1.12,Omicron
BA.1.13,Omicron
BA.1.13.1,Omicron
BA.1.14,Omicron
BA.1.14.1,Omicron
BA.1.14.2,Omicron
BA.1.15,Omicron
BA.1.15.1,Omicron
BA.1.15.2,Omicron
BA.1.16,Omicron
BA.1.16.1,Omicron
BA.1.16.2,Omicron
BA.1.17,Omicron
BA.1.19,Omicron
BA.1.20,Omicron
BA.1.21.1,Omicron
BA.1.23,Omicron
BA.1.8,Omicron
BA.2,Omicron
BA.2.1,Omicron
BA.2.10,Omicron
BA.2.10.1,Omicron
BA.2.10.2,Omicron
BA.2.10.3,Omicron
BA.2.10.4,Omicron
BA.2.11,Omicron
BA.2.12,Omicron
BA.2.12.1,Omicron
BA.2.12.2,Omicron
BA.2.13,Omicron
BA.2.13.1,Omicron
BA.2.14,Omicron
BA.2.15,Omicron
BA.2.16,Omicron
BA.2.17,Omicron
BA.2.18,Omicron
BA.2.19,Omicron
BA.2.2,Omicron
BA.2.20,Omicron
BA.2.21,Omicron
BA.2.22,Omicron
BA.2.23.1,Omicron
BA.2.24,Omicron
BA.2.25,Omicron
BA.2.25.1,Omicron
BA.2.26,Omicron
BA.2.28,Omicron
BA.2.29,Omicron
BA.2.3,Omicron
BA.2.3.1,Omicron
BA.2.3.10,Omicron
BA.2.3.11,Omicron
BA.2.3.12,Omicron
BA.2.3.13,Omicron
BA.2.3.14,Omicron
BA.2.3.15,Omicron
BA.2.3.17,Omicron
BA.2.3.18,Omicron
BA.2.3.20,Omicron
BA.2.3.22,Omicron
BA.2.3.4,Omicron
BA.2.3.5,Omicron
BA.2.3.6,Omicron
BA.2.3.7,Omicron
BA.2.3.9,Omicron
BA.2.30,Omicron
BA.2.31,Omicron
BA.2.31.1,Omicron
BA.2.32,Omicron
BA.2.35,Omicron
BA.2.37,Omicron
BA.2.38,Omicron
BA.2.38.1,Omicron
BA.2.38.2,Omicron
BA.2.39,Omicron
BA.2.4,Omicron
BA.2.40.1,Omicron
BA.2.41,Omicron
BA.2.42,Omicron
BA.2.43,Omicron
BA.2.44,Omicron
BA.2.45,Omicron
BA.2.46,Omicron
BA.2.47,Omicron
BA.2.48,Omicron
BA.2.49,Omicron
BA.2.50,Omicron
BA.2.52,Omicron
BA.2.53,Omicron
BA.2.54,Omicron
BA.2.55,Omicron
BA.2.59,Omicron
BA.2.6,Omicron
BA.2.60,Omicron
BA.2.61,Omicron
BA.2.63,Omicron
BA.2.64,Omicron
BA.2.66,Omicron
BA.2.67,Omicron
BA.2.68,Omicron
BA.2.7,Omicron
BA.2.70,Omicron
BA.2.72,Omicron
BA.2.73,Omicron
BA.2.74,Omicron
BA.2.75.2,Omicron
BA.2.76,Omicron
BA.2.77,Omicron
BA.2.79,Omicron
BA.2.8,Omicron
BA.2.80,Omicron
BA.2.81,Omicron
BA.2.82,Omicron
BA.2.85,Omicron
BA.2.86.1,BA.2.86.X
BA.2.86.2,BA.2.86.X
BA.2.86.3,BA.2.86.X
BA.2.86.4,BA.2.86.X
BA.2.86.5,BA.2.86.X
BA.2.9,Omicron
BA.2.9.1,Omicron
BA.2.9.2,Omicron
BA.2.9.3,Omicron
BA.2.9.4,Omicron
BA.2.9.6,Omicron
BA.2.9.7,Omicron
BA.3,Omicron
BA.3.1,Omicron
BA.4,Omicron
BA.4.1,Omicron
BA.4.1.10,Omicron
BA.4.1.11,Omicron
BA.4.1.2,Omicron
BA.4.1.3,Omicron
BA.4.1.4,Omicron
BA.4.1.5,Omicron
BA.4.1.6,Omicron
BA.4.1.8,Omicron
BA.4.2,Omicron
BA.4.3,Omicron
BA.4.4,Omicron
BA.4.5,Omicron
BA.4.6,Omicron
BA.4.6.1,Omicron
BA.4.6.2,Omicron
BA.4.6.3,Omicron
BA.4.6.4,Omicron
BA.4.6.5,Omicron
BA.4.7,Omicron
BA.5.1,Omicron
BA.5.1.1,Omicron
BA.5.1.11,Omicron
BA.5.1.15,Omicron
BA.5.1.16,Omicron
BA.5.1.17,Omicron
BA.5.1.18,Omicron
BA.5.1.19,Omicron
BA.5.1.2,Omicron
BA.5.1.21,Omicron
BA.5.1.22,Omicron
BA.5.1.23,Omicron
BA.5.1.24,Omicron
BA.5.1.25,Omicron
BA.5.1.26,Omicron
BA.5.1.27,Omicron
BA.5.1.28,Omicron
BA.5.1.3,Omicron
BA.5.1.30,Omicron
BA.5.1.31,Omicron
BA.5.1.32,Omicron
BA.5.1.33,Omicron
BA.5.1.34,Omicron
BA.5.1.35,Omicron
BA.5.1.36,Omicron
BA.5.1.37,Omicron
BA.5.1.38,Omicron
BA.5.1.4,Omicron
BA.5.1.5,Omicron
BA.5.1.6,Omicron
BA.5.1.7,Omicron
BA.5.1.8,Omicron
BA.5.1.9,Omicron
BA.5.10,Omicron
BA.5.10.1,Omicron
BA.5.11,Omicron
BA.5.12,Omicron
BA.5.2,Omicron
BA.5.2.1,Omicron
BA.5.2.10,Omicron
BA.5.2.12,Omicron
BA.5.2.13,Omicron
BA.5.2.14,Omicron
BA.5.2.19,Omicron
BA.5.2.2,Omicron
BA.5.2.21,Omicron
BA.5.2.22,Omicron
BA.5.2.23,Omicron
BA.5.2.26,Omicron
BA.5.2.27,Omicron
BA.5.2.28,Omicron
BA.5.2.29,Omicron
BA.5.2.3,Omicron
BA.5.2.30,Omicron
BA.5.2.31,Omicron
BA.5.2.32,Omicron
BA.5.2.34,Omicron
BA.5.2.35,Omicron
BA.5.2.37,Omicron
BA.5.2.39,Omicron
BA.5.2.41,Omicron
BA.5.2.43,Omicron
BA.5.2.44,Omicron
BA.5.2.47,Omicron
BA.5.2.48,Omicron
BA.5.2.51,Omicron
BA.5.2.53,Omicron
BA.5.2.54,Omicron
BA.5.2.55,Omicron
BA.5.2.58,Omicron
BA.5.2.59,Omicron
BA.5.2.60,Omicron
BA.5.2.61,Omicron
BA.5.2.63,Omicron
BA.5.2.7,Omicron
BA.5.2.8,Omicron
BA.5.2.9,Omicron
BA.5.3.2,Omicron
BA.5.3.3,Omicron
BA.5.3.4,Omicron
BA.5.3.5,Omicron
BA.5.5.1,Omicron
BA.5.5.2,Omicron
BA.5.5.3,Omicron
BA.5.6,Omicron
BA.5.6.1,Omicron
BA.5.6.2,Omicron
BA.5.6.4,Omicron
BA.5.7,Omicron
BA.5.8,Omicron
BA.5.9,Omicron
BB.2,Mu
BC.1,Omicron
BD.1,Omicron
BE.1.1.2,Omicron
BE.1.2.1,Omicron
BE.1.3,Omicron
BE.1.4,Omicron
BE.1.4.1,Omicron
BE.1.4.2,Omicron
BE.1.4.3,Omicron
BE.1.4.4,Omicron
BE.10,Omicron
BE.11,Omicron
BE.12,Omicron
BE.13,Omicron
BE.2,Omicron
BE.3,Omicron
BE.4,Omicron
BE.4.1,Omicron
BE.4.1.1,Omicron
BE.4.2,Omicron
BE.5,Omicron
BE.6,Omicron
BE.8,Omicron
BE.9,Omicron
BF.1,Omicron
BF.1.1,Omicron
BF.10,Omicron
BF.10.1,Omicron
BF.11,Omicron
BF.11.1,Omicron
BF.11.2,Omicron
BF.11.3,Omicron
BF.11.4,Omicron
BF.11.5,Omicron
BF.13,Omicron
BF.14,Omicron
BF.15,Omicron
BF.16,Omicron
BF.17,Omicron
BF.18,Omicron
BF.19,Omicron
BF.2,Omicron
BF.20,Omicron
BF.21,Omicron
BF.22,Omicron
BF.23,Omicron
BF.24,Omicron
BF.25,Omicron
BF.26,Omicron
BF.27,Omicron
BF.28,Omicron
BF.29,Omicron
BF.3,Omicron
BF.3.1,Omicron
BF.30,Omicron
BF.31.1,Omicron
BF.32,Omicron
BF.34,Omicron
BF.36,Omicron
BF.4,Omicron
BF.40,Omicron
BF.41,Omicron
BF.41.1,Omicron
BF.5,Omicron
BF.5.1,Omicron
BF.5.2,Omicron
BF.5.4,Omicron
BF.5.5,Omicron
BF.6,Omicron
BF.7,Omicron
BF.7.1,Omicron
BF.7.10,Omicron
BF.7.11,Omicron
BF.7.12,Omicron
BF.7.13.1,Omicron
BF.7.13.2,Omicron
BF.7.14,Omicron
BF.7.14.1,Omicron
BF.7.14.4,Omicron
BF.7.14.5,Omicron
BF.7.14.6,Omicron
BF.7.15,Omicron
BF.7.17,Omicron
BF.7.19.1,Omicron
BF.7.2,Omicron
BF.7.21,Omicron
BF.7.22,Omicron
BF.7.23,Omicron
BF.7.24,Omicron
BF.7.26,Omicron
BF.7.27,Omicron
BF.7.3,Omicron
BF.7.4,Omicron
BF.7.4.1,Omicron
BF.7.4.2,Omicron
BF.7.5,Omicron
BF.7.5.1,Omicron
BF.7.6,Omicron
BF.7.7,Omicron
BF.7.9,Omicron
BF.8,Omicron
BF.9,Omicron
BG.1,Omicron
BG.2,Omicron
BG.3,Omicron
BG.4,Omicron
BG.5,Omicron
BH.1,Omicron
BK.1,Omicron
BL.1.3,Omicron
BL.1.4,Omicron
BL.3,Omicron
BL.4,Omicron
BL.5,Omicron
BL.6,Omicron
BM.1.1.2,Omicron
BM.1.1.3,Omicron
BM.1.1.4,Omicron
BM.1.1.5,Omicron
BM.2.1,Omicron
BM.4.1.1,Omicron
BN.1.1.1,Omicron
BN.1.10,Omicron
BN.1.2,Omicron
BN.1.2.1,Omicron
BN.1.2.2,Omicron
BN.1.2.3,Omicron
BN.1.2.4,Omicron
BN.1.2.5,Omicron
BN.1.2.6,Omicron
BN.1.2.8,Omicron
BN.1.3,Omicron
BN.1.3.1,Omicron
BN.1.3.12,Omicron
BN.1.3.2,Omicron
BN.1.3.3,Omicron
BN.1.3.5,Omicron
BN.1.3.6,Omicron
BN.1.3.7,Omicron
BN.1.3.8,Omicron
BN.1.3.9,Omicron
BN.1.4,Omicron
BN.1.4.1,Omicron
BN.1.4.2,Omicron
BN.1.4.3,Omicron
BN.1.4.4,Omicron
BN.1.4.5,Omicron
BN.1.5,Omicron
BN.1.5.2,Omicron
BN.1.6,Omicron
BN.1.7,Omicron
BN.1.8,Omicron
BN.1.9,Omicron
BN.2,Omicron
BN.2.1,Omicron
BN.3,Omicron
BN.3.1,Omicron
BN.5,Omicron
BN.6,Omicron
BQ.1.1.1,Omicron
BQ.1.1.10,Omicron
BQ.1.1.13,Omicron
BQ.1.1.14,Omicron
BQ.1.1.15,Omicron
BQ.1.1.16,Omicron
BQ.1.1.17,Omicron
BQ.1.1.18,Omicron
BQ.1.1.19,Omicron
BQ.1.1.2,Omicron
BQ.1.1.20,Omicron
BQ.1.1.21,Omicron
BQ.1.1.22,Omicron
BQ.1.1.23,Omicron
BQ.1.1.24,Omicron
BQ.1.1.25,Omicron
BQ.1.1.26,Omicron
BQ.1.1.27,Omicron
BQ.1.1.28,Omicron
BQ.1.1.29,Omicron
BQ.1.1.3,Omicron
BQ.1.1.30,Omicron
BQ.1.1.32,Omicron
BQ.1.1.34,Omicron
BQ.1.1.35,Omicron
BQ.1.1.37,Omicron
BQ.1.1.38,Omicron
BQ.1.1.39,Omicron
BQ.1.1.4,Omicron
BQ.1.1.40,Omicron
BQ.1.1.41,Omicron
BQ.1.1.42,Omicron
BQ.1.1.45,Omicron
BQ.1.1.48,Omicron
BQ.1.1.49,Omicron
BQ.1.1.5,Omicron
BQ.1.1.51,Omicron
BQ.1.1.52,Omicron
BQ.1.1.54,Omicron
BQ.1.1.55,Omicron
BQ.1.1.57,Omicron
BQ.1.1.58,Omicron
BQ.1.1.59,Omicron
BQ.1.1.6,Omicron
BQ.1.1.60,Omicron
BQ.1.1.61,Omicron
BQ.1.1.62,Omicron
BQ.1.1.63,Omicron
BQ.1.1.64,Omicron
BQ.1.1.65,Omicron
BQ.1.1.68,Omicron
BQ.1.1.69,Omicron
BQ.1.1.7,Omicron
BQ.1.1.70,Omicron
BQ.1.1.71,Omicron
BQ.1.1.72,Omicron
BQ.1.1.76,Omicron
BQ.1.1.77,Omicron
BQ.1.1.79,Omicron
BQ.1.1.8,Omicron
BQ.1.10,Omicron
BQ.1.10.1,Omicron
BQ.1.10.2,Omicron
BQ.1.10.3,Omicron
BQ.1.11.1,Omicron
BQ.1.12,Omicron
BQ.1.13,Omicron
BQ.1.13.1,Omicron
BQ.1.14,Omicron
BQ.1.15,Omicron
BQ.1.16,Omicron
BQ.1.17,Omicron
BQ.1.18,Omicron
BQ.1.19,Omicron
BQ.1.2,Omicron
BQ.1.2.1,Omicron
BQ.1.2.2,Omicron
BQ.1.2.3,Omicron
BQ.1.20,Omicron
BQ.1.21,Omicron
BQ.1.23,Omicron
BQ.1.25.1,Omicron
BQ.1.26,Omicron
BQ.1.26.1,Omicron
BQ.1.26.2,Omicron
BQ.1.27,Omicron
BQ.1.28,Omicron
BQ.1.29,Omicron
BQ.1.3,Omicron
BQ.1.3.1,Omicron
BQ.1.3.2,Omicron
BQ.1.32,Omicron
BQ.1.33,Omicron
BQ.1.4,Omicron
BQ.1.5,Omicron
BQ.1.6,Omicron
BQ.1.7,Omicron
BQ.1.8,Omicron
BQ.1.8.2,Omicron
BQ.1.9,Omicron
BR.1,Omicron
BR.1.2,Omicron
BR.2.1,Omicron
BR.3,Omicron
BR.4,Omicron
BR.5,Omicron
BS.1,Omicron
BT.1,Omicron
BT.2,Omicron
BU.1,Omicron
BU.2,Omicron
BU.3,Omicron
BV.1,Omicron
BV.2,Omicron
BW.1,Omicron
BW.1.1,Omicron
BW.1.1.1,Omicron
BW.1.1.2,Omicron
BY.1.1.1,Omicron
BY.1.2,Omicron
BZ.1,Omicron
BZ.2,Omicron
C.1.2,
C.12,
C.14,
C.16,
C.18,
C.2.1,
C.20,
C.23,
C.26,
C.27,
C.28,
C.3,
C.30,
C.31,
C.35,
C.36.2,
C.36.3,
C.36.3.1,
C.37,Lambda
C.37.1,Lambda
C.38,
C.4,
C.5,
CA.1,Omicron
CA.2,Omicron
CA.3,Omicron
CA.3.1,Omicron
CA.5,Omicron
CA.6,Omicron
CA.7,Omicron
CB.1,Omicron
CC.1,Omicron
CD.1,Omicron
CD.2,Omicron
CE.1,Omicron
CF.1,Omicron
CG.1,Omicron
CH.1,Omicron
CH.1.1.1,Omicron
CH.1.1.10,Omicron
CH.1.1.11,Omicron
CH.1.1.13,Omicron
CH.1.1.14,Omicron
CH.1.1.15,Omicron
CH.1.1.16,Omicron
CH.1.1.17,Omicron
CH.1.1.18,Omicron
CH.1.1.19,Omicron
CH.1.1.2,Omicron
CH.1.1.20,Omicron
CH.1.1.21,Omicron
CH.1.1.22,Omicron
CH.1.1.23,Omicron
CH.1.1.24,Omicron
CH.1.1.25,Omicron
CH.1.1.26,Omicron
CH.1.1.27,Omicron
CH.1.1.28,Omicron
CH.1.1.3,Omicron
CH.1.1.30,Omicron
CH.1.1.32,Omicron
CH.1.1.4,Omicron
CH.1.1.5,Omicron
CH.1.1.6,Omicron
CH.1.1.7,Omicron
CH.1.1.8,Omicron
CH.1.1.9,Omicron
CJ.1.2,Omicron
CJ.1.3,Omicron
CK.1.2,Omicron
CK.1.3,Omicron
CK.1.4,Omicron
CK.1.5,Omicron
CK.2.1,Omicron
CK.2.1.1,Omicron
CK.3,Omicron
CL.1,Omicron
CL.1.1,Omicron
CL.1.2,Omicron
CL.1.3,Omicron
CM.1,Omicron
CM.10,Omicron
CM.12,Omicron
CM.2,Omicron
CM.3,Omicron
CM.4,Omicron
CM.4.1,Omicron
CM.5,Omicron
CM.5.1,Omicron
CM.5.2,Omicron
CM.6,Omicron
CM.6.1,Omicron
CM.8.1,Omicron
CM.8.1.2,Omicron
CM.8.1.3,Omicron
CM.8.1.4,Omicron
CM.9,Omicron
CN.1,Omicron
CN.2,Omicron
CP.1,Omicron
CP.1.1,Omicron
CP.1.2,Omicron
CP.1.3,Omicron
CP.2,Omicron
CP.3,Omicron
CP.4,Omicron
CP.5,Omicron
CP.6,Omicron
CP.8,Omicron
CQ.1.1,Omicron
CQ.2,Omicron
CR.1.1,Omicron
CR.1.3,Omicron
CV.1,Omicron
CV.2,Omicron
CZ.2,Omicron
D.2,
D.3,
DA.1,Omicron
DB.1,Omicron
DB.2,Omicron
DC.1,Omicron
DE.1,Omicron
DF.1,Omicron
DF.1.1,Omicron
DG.1,Omicron
DH.1,Omicron
DJ.1,Omicron
DJ.1.1,Omicron
DJ.1.1.1,Omicron
DK.1,Omicron
DL.1,Omicron
DM.1,Omicron
DN.1.1,Omicron
DN.1.1.1,Omicron
DN.1.1.2,Omicron
DN.1.1.3,Omicron
DN.1.1.4,Omicron
DN.2,Omicron
DN.3,Omicron
DN.3.1,Omicron
DP.1,Omicron
DQ.1,Omicron
DR.1,Omicron
DR.2,Omicron
DS.1,Omicron
DS.2,Omicron
DS.3,Omicron
DT.1,Omicron
DT.2,Omicron
DT.3,Omicron
DU.1,Omicron
DV.1,Omicron
DV.1.1,Omicron
DV.2,Omicron
DV.3,Omicron
DV.3.1,Omicron
DV.4,Omicron
DV.6,Omicron
DV.6.1,Omicron
DV.6.2,Omicron
DV.7,Omicron
DV.7.1.1,Omicron
DV.7.1.2,Omicron
DV.7.1.3,Omicron
DV.7.1.4,Omicron
DV.7.1.5,Omicron
DV.7.2,Omicron
DV.8,Omicron
DY.1,Omicron
DY.2,Omicron
DY.3,Omicron
DY.4,Omicron
EA.1,Omicron
EA.2,Omicron
EB.1,Omicron
EC.1.1,Omicron
ED.1,Omicron
ED.2,Omicron
ED.3,Omicron
EE.1,Omicron
EE.2,Omicron
EE.3,Omicron
EE.4,Omicron
EE.5,Omicron
EF.1,Omicron
EF.1.1,Omicron
EF.1.1.1,Omicron
EF.1.2,Omicron
EF.2,Omicron
EF.3,Omicron
EG.1,Omicron
EG.1.2,Omicron
EG.1.3,Omicron
EG.1.4,Omicron
EG.1.5,Omicron
EG.1.6,Omicron
EG.1.7,Omicron
EG.1.8,Omicron
EG.10,Omicron
EG.10.1,Omicron
EG.10.1.1,Omicron
EG.11,Omicron
EG.12,Omicron
EG.13,Omicron
EG.14,Omicron
EG.3,Omicron
EG.4,Omicron
EG.4.1,Omicron
EG.4.3,Omicron
EG.4.4,Omicron
EG.4.5,Omicron
EG.5.1.1,Omicron
EG.5.1.10,Omicron
EG.5.1.12,Omicron
EG.5.1.13,Omicron
EG.5.1.14,Omicron
EG.5.1.15,Omicron
EG.5.1.16,Omicron
EG.5.1.18,Omicron
EG.5.1.19,Omicron
EG.5.1.2,Omicron
EG.5.1.3,Omicron
EG.5.1.4,Omicron
EG.5.1.5,Omicron
EG.5.1.6,Omicron
EG.5.1.7,Omicron
EG.5.1.8,Omicron
EG.5.1.9,Omicron
EG.5.2,Omicron
EG.5.2.1,Omicron
EG.5.2.2,Omicron
EG.5.2.3,Omicron
EG.6.1,Omicron
EG.6.1.1,Omicron
EG.6.1.2,Omicron
EG.7,Omicron
EG.8,Omicron
EG.9.1,Omicron
EH.1,Omicron
EJ.1,Omicron
EJ.2,Omicron
EK.2,Omicron
EK.2.1,Omicron
EK.3,Omicron
EK.4,Omicron
EL.1,Omicron
EM.1,Omicron
EN.1,Omicron
EQ.1,Omicron
ER.1,Omicron
ER.1.1,Omicron
ES.1,Omicron
ET.1,Omicron
EU.1,Omicron
EU.1.1,Omicron
EU.1.1.1,Omicron
EU.1.1.2,Omicron
EU.1.1.3,Omicron
EV.1,Omicron
EW.1,Omicron
EW.2,Omicron
EY.1,Omicron
EZ.1,Omicron
FA.1,Omicron
FA.2,Omicron
FB.2,Omicron
FD.1.1,Omicron
FD.2,Omicron
FD.3,Omicron
FD.4,Omicron
FD.4.1,Omicron
FD.5,Omicron
FD.5.1,Omicron
FE.1,XBB.X
FE.1.1,XBB.X
FE.1.1.1,XBB.X
FE.1.1.2,XBB.X
FE.1.1.4,XBB.X
FE.1.1.5,XBB.X
FE.1.2,XBB.X
FF.1,Omicron
FG.1,Omicron
FG.2,Omicron
FG.3,Omicron
FH.1,Omicron
FJ.1,Omicron
FK.1,Omicron
FK.1.1,Omicron
FK.1.1.2,Omicron
FK.1.2,Omicron
FK.1.2.1,Omicron
FK.1.2.2,Omicron
FK.1.3.2,Omicron
FK.1.5,Omicron
FL.1.1,Omicron
FL.1.3,Omicron
FL.1.4,Omicron
FL.1.5,Omicron
FL.1.5.2,Omicron
FL.1.6,Omicron
FL.1.8,Omicron
FL.10.1,Omicron
FL.10.2,Omicron
FL.10.3,Omicron
FL.11,Omicron
FL.13,Omicron
FL.13.2,Omicron
FL.13.3,Omicron
FL.13.3.1,Omicron
FL.13.4.1,Omicron
FL.14,Omicron
FL.15,Omicron
FL.15.1.1,Omicron
FL.15.2,Omicron
FL.15.3,Omicron
FL.15.4,Omicron
FL.16,Omicron
FL.17,Omicron
FL.17.2,Omicron
FL.18.1,Omicron
FL.19.1,Omicron
FL.2,Omicron
FL.2.1,Omicron
FL.2.2.1,Omicron
FL.2.3,Omicron
FL.2.4,Omicron
FL.2.5,Omicron
FL.2.6,Omicron
FL.2.7,Omicron
FL.2.7.1,Omicron
FL.20,Omicron
FL.20.1,Omicron
FL.20.2,Omicron
FL.21,Omicron
FL.22,Omicron
FL.23,Omicron
FL.23.1,Omicron
FL.24,Omicron
FL.24.1,Omicron
FL.27,Omicron
FL.29,Omicron
FL.3,Omicron
FL.3.1,Omicron
FL.3.2,Omicron
FL.3.3,Omicron
FL.3.4,Omicron
FL.30.1,Omicron
FL.31.1,Omicron
FL.32,Omicron
FL.32.1,Omicron
FL.33,Omicron
FL.34,Omicron
FL.35,Omicron
FL.36,Omicron
FL.37,Omicron
FL.4,Omicron
FL.4.1,Omicron
FL.4.11,Omicron
FL.4.2,Omicron
FL.4.3,Omicron
FL.4.5,Omicron
FL.4.6,Omicron
FL.5,Omicron
FL.5.1,Omicron
FL.6,Omicron
FL.7,Omicron
FL.8,Omicron
FL.9,Omicron
FM.1,Omicron
FN.1,Omicron
FP.2.1,XBB.X
FP.2.1.1,XBB.X
FP.4,XBB.X
FR.1,Omicron
FS.1,Omicron
FT.1,Omicron
FT.2,Omicron
FT.3,Omicron
FT.3.1,Omicron
FT.3.1.1,Omicron
FT.4,Omicron
FU.1,Omicron
FU.1.1.1,Omicron
FU.2,Omicron
FU.2.1,Omicron
FU.3,Omicron
FU.5,Omicron
FV.1,Omicron
FW.1,XBB.X
FW.1.1,XBB.X
FW.1.1.1,XBB.X
FY.1,XBB.X
FY.1.1,XBB.X
FY.1.2,XBB.X
FY.1.2.1,XBB.X
FY.1.2.2,XBB.X
FY.1.2.3,XBB.X
FY.1.4,XBB.X
FY.1.4.1,XBB.X
FY.2,XBB.X
FY.2.1,XBB.X
FY.3,XBB.X
FY.3.1,XBB.X
FY.3.2,XBB.X
FY.3.3,XBB.X
FY.4,XBB.X
FY.4.1.1,XBB.X
FY.4.1.2,XBB.X
FY.4.2,XBB.X
FY.5.1,XBB.X
FY.5.1.1,XBB.X
FY.5.2,XBB.X
FY.5.4,XBB.X
FY.5.5,XBB.X
FY.5.5.1,XBB.X
FY.6,XBB.X
FY.6.1,XBB.X
FY.8.1,XBB.X
FY.8.1.1,XBB.X
FY.9,XBB.X
FZ.1,Omicron
FZ.1.1,Omicron
FZ.2,Omicron
G.1,
GA.1,XBB.X
GA.3,XBB.X
GA.4.1,XBB.X
GA.4.1.2,XBB.X
GA.4.1.3,XBB.X
GA.5,XBB.X
GA.6,XBB.X
GB.1,Omicron
GB.2,Omicron
GC.1,Omicron
GC.2,Omicron
GD.1,XBB.X
GD.2,XBB.X
GE.1,XBB.2.3X
GE.1.1,XBB.2.3X
GE.1.2,XBB.2.3X
GE.1.2.1,XBB.2.3X
GE.1.3,XBB.2.3X
GE.1.4,XBB.2.3X
GE.1.5,XBB.2.3X
GE.1.6,XBB.2.3X
GF.1,Omicron
GG.1,Omicron
GJ.1,XBB.2.3X
GJ.1.1,XBB.2.3X
GJ.1.2,XBB.2.3X
GJ.1.2.2,XBB.2.3X
GJ.1.2.4,XBB.2.3X
GJ.1.2.5,XBB.2.3X
GJ.1.2.7,XBB.2.3X
GJ.1.2.8,XBB.2.3X
GJ.2,XBB.2.3X
GJ.3,XBB.2.3X
GJ.4,XBB.2.3X
GJ.5,XBB.2.3X
GJ.5.1,XBB.2.3X
GJ.6,XBB.2.3X
GK.1,Omicron
GK.1.1,Omicron
GK.1.1.1,Omicron
GK.1.10,Omicron
GK.1.11,Omicron
GK.1.2,Omicron
GK.1.2.1,Omicron
GK.1.3,Omicron
GK.1.4,Omicron
GK.1.5,Omicron
GK.1.6.1,Omicron
GK.1.7,Omicron
GK.1.8,Omicron
GK.1.8.1,Omicron
GK.1.9,Omicron
GK.2,Omicron
GK.2.1,Omicron
GK.2.1.1,Omicron
GK.2.2,Omicron
GK.2.3,Omicron
GK.2.4,Omicron
GK.3,Omicron
GK.3.1,Omicron
GK.3.2,Omicron
GK.4,Omicron
GK.6,Omicron
GK.7,Omicron
GK.8.1,Omicron
GL.1,
GL.3,
GM.3,XBB.2.3X
GN.1,Omicron
GN.1.1,Omicron
GN.1.2,Omicron
GN.1.4,Omicron
GN.4,Omicron
GP.1,Omicron
GP.2,Omicron
GP.3,Omicron
GR.1,Omicron
GS.1,XBB.2.3X
GS.3,XBB.2.3X
GS.4,XBB.2.3X
GS.4.1,XBB.2.3X
GS.4.1.1,XBB.2.3X
GS.5,XBB.2.3X
GS.6,XBB.2.3X
GS.7,XBB.2.3X
GS.8,XBB.2.3X
GU.1,Omicron
GV.1,Omicron
GW.1,XBB.X
GW.2,XBB.X
GW.3,XBB.X
GW.4,XBB.X
GW.5,XBB.X
GW.5.1,XBB.X
GW.5.1.1,XBB.X
GW.5.2,XBB.X
GW.5.3,XBB.X
GW.5.3.1,XBB.X
GY.1,Omicron
GY.1.1,Omicron
GY.2.1,Omicron
GY.5,Omicron
GY.6,Omicron
GY.7,Omicron
GY.8,Omicron
GY.9,Omicron
GZ.1,XBB.2.3X
HA.1,Omicron
HA.2,Omicron
HB.1,XBB.X
HC.1,Omicron
HC.2,Omicron
HC.3,Omicron
HE.1,XBB.X
HE.2,XBB.X
HF.1,Omicron
HF.1.1,Omicron
HF.1.2,Omicron
HG.2,XBB.2.3X
HH.1,XBB.2.3X
HH.1.1,XBB.2.3X
HH.2,XBB.2.3X
HH.2.1,XBB.2.3X
HH.4,XBB.2.3X
HH.5,XBB.2.3X
HH.7,XBB.2.3X
HH.8.1,XBB.2.3X
HJ.1,Omicron
HK.1.2,Omicron
HK.11,Omicron
HK.11.1,Omicron
HK.13.1,Omicron
HK.13.2,Omicron
HK.13.2.1,Omicron
HK.16,Omicron
HK.20.1,Omicron
HK.21,Omicron
HK.22,Omicron
HK.23.1,Omicron
HK.24.1,Omicron
HK.25,Omicron
HK.26,Omicron
HK.26.1,Omicron
HK.27,Omicron
HK.27.1.1,Omicron
HK.28,Omicron
HK.29,Omicron
HK.3.10,Omicron
HK.3.11,Omicron
HK.3.12,Omicron
HK.3.13,Omicron
HK.3.2,Omicron
HK.3.2.1,Omicron
HK.3.2.2,Omicron
HK.3.3,Omicron
HK.3.4,Omicron
HK.3.5,Omicron
HK.3.6,Omicron
HK.3.7,Omicron
HK.31,Omicron
HK.33,Omicron
HK.6,Omicron
HK.7,Omicron
HK.8,Omicron
HK.8.1,Omicron
HK.9,Omicron
HN.1,Omicron
HN.2,Omicron
HN.2.1,Omicron
HN.3.1,Omicron
HN.4,Omicron
HN.4.1,Omicron
HN.6,Omicron
HN.7,Omicron
HN.8,Omicron
HP.1.1,Omicron
HQ.1,Omicron
HR.1,Omicron
HR.1.1,Omicron
HS.1,Omicron
HS.1.1,Omicron
HT.1,Omicron
HT.2,Omicron
HU.1.1,XBB.X
HV.1.1,Omicron
HV.1.10,Omicron
HV.1.11,Omicron
HV.1.3,Omicron
HV.1.4,Omicron
HV.1.5,Omicron
HV.1.6,Omicron
HV.1.7,Omicron
HV.1.8,Omicron
HV.1.9,Omicron
HV.2,Omicron
HW.1.1,
HY.1,Omicron
HZ.1,Omicron
HZ.2,Omicron
HZ.3,Omicron
JA.1,XBB.2.3X
JC.1,XBB.X
JC.2,XBB.X
JC.3,XBB.X
JC.5,XBB.X
JC.5.1,XBB.X
JD.1,Omicron
JD.1.1,Omicron
JD.1.1.1,Omicron
JD.1.1.2,Omicron
JD.1.1.3,Omicron
JD.1.1.5,Omicron
JD.1.1.6,Omicron
JD.1.1.7,Omicron
JD.1.1.8,Omicron
JD.1.2,Omicron
JD.1.2.1,Omicron
JD.2,Omicron
JE.1.1,XBB.2.3X
JE.1.1.1,XBB.2.3X
JF.1.1,Omicron
JF.1.1.2,Omicron
JF.2,Omicron
JF.3,Omicron
JF.4,Omicron
JG.1,Omicron
JG.2,Omicron
JG.3,Omicron
JG.3.1,Omicron
JG.3.2,Omicron
JG.3.3,Omicron
JG.3.4,Omicron
JG.4,Omicron
JH.1,Omicron
JJ.1,Omicron
JK.1,Omicron
JM.1,Omicron
JM.2,Omicron
JN.1,BA.2.86.X
JN.1.1,BA.2.86.X
JN.1.1.1,BA.2.86.X
JN.1.1.2,BA.2.86.X
JN.1.1.3,BA.2.86.X
JN.1.1.4,BA.2.86.X
JN.1.11,BA.2.86.X
JN.1.11.1,BA.2.86.X
JN.1.13.1,BA.2.86.X
JN.1.14,BA.2.86.X
JN.1.17,BA.2.86.X
JN.1.19,BA.2.86.X
JN.1.2,BA.2.86.X
JN.1.22,BA.2.86.X
JN.1.25.1,BA.2.86.X
JN.1.4,BA.2.86.X
JN.1.4.2,BA.2.86.X
JN.1.5,BA.2.86.X
JN.1.6,BA.2.86.X
JN.1.6.1,BA.2.86.X
JN.1.7,JN.1.7.X
JN.1.7.1,JN.1.7.X
JN.1.7.2,JN.1.7.X
JN.1.8,BA.2.86.X
JN.1.8.1,BA.2.86.X
JN.1.9.1,BA.2.86.X
JN.13,BA.2.86.X
JN.13.1,BA.2.86.X
JN.2,BA.2.86.X
JN.2.1,BA.2.86.X
JN.2.2,BA.2.86.X
JN.2.3,BA.2.86.X
JN.2.5,BA.2.86.X
JN.3,BA.2.86.X
JN.3.2,BA.2.86.X
JN.3.2.1,BA.2.86.X
JN.5.1,BA.2.86.X
JN.7,BA.2.86.X
JN.9,BA.2.86.X
JQ.1,BA.2.86.X
JQ.2,BA.2.86.X
JS.1,XBB.2.3X
JS.2,XBB.2.3X
JV.2,Omicron
JY.1,XBB.2.3X
JY.1.1,XBB.2.3X
JZ.1,Omicron
K.2,
KA.1,Omicron
KB.1,Omicron
KB.2,Omicron
KB.4,Omicron
KC.1,Omicron
KC.1.1,Omicron
KE.1,XBB.X
KE.2,XBB.X
KE.3,XBB.X
KF.1,Omicron
KH.1,XBB.2.3X
KK.1,Omicron
KL.1,Omicron
KL.1.1,Omicron
KP.1,BA.2.86.X
KP.1.1,BA.2.86.X
KQ.1,BA.2.86.X
KR.1,BA.2.86.X
L.2,
L.3,
L.4,
M.2,
N.1,
N.2,
N.4,
N.5,
N.6,
N.7,
N.8,
P.1,Gamma
P.1.1,Gamma
P.1.10,Gamma
P.1.13,Gamma
P.1.14,Gamma
P.1.15,Gamma
P.1.16,Gamma
P.1.17,Gamma
P.1.17.1,Gamma
P.1.2,Gamma
P.1.6,Gamma
P.1.7.1,Gamma
P.1.8,Gamma
P.1.9,Gamma
P.2,Zeta
P.3,Theta
P.7,
Q.1,Alpha
Q.3,Alpha
Q.4,Alpha
Q.7,Alpha
R.1,
R.2,
U.1,
V.1,
V.2,
W.1,
W.3,
W.4,
XA,
XAA,Omicron
XAB,Omicron
XAC,Omicron
XAD,Omicron
XAE,Omicron
XAF,Omicron
XAG,Omicron
XAH,Omicron
XAJ,Omicron
XAK,Omicron
XAL,Omicron
XAM,Omicron
XAN,Omicron
XAP,Omicron
XAS,Omicron
XAT,Omicron
XAU,Omicron
XAV,Omicron
XAY.1,
XAY.1.1.2,
XAY.1.1.3,
XAY.2,
XAY.2.1,
XAY.2.2,
XAY.2.3,
XAZ,Omicron
XBB.1.1,XBB.X
XBB.1.10,XBB.X
XBB.1.11.1,XBB.X
XBB.1.12,XBB.X
XBB.1.13.1,XBB.X
XBB.1.14,XBB.X
XBB.1.15.1,XBB.X
XBB.1.16,Omicron
XBB.1.16.1,Omicron
XBB.1.16.10,Omicron
XBB.1.16.11,Omicron
XBB.1.16.13,Omicron
XBB.1.16.14,Omicron
XBB.1.16.15,Omicron
XBB.1.16.16,Omicron
XBB.1.16.19,Omicron
XBB.1.16.2,Omicron
XBB.1.16.21,Omicron
XBB.1.16.22,Omicron
XBB.1.16.23,Omicron
XBB.1.16.24,Omicron
XBB.1.16.25,Omicron
XBB.1.16.27,Omicron
XBB.1.16.28,Omicron
XBB.1.16.29,Omicron
XBB.1.16.3,Omicron
XBB.1.16.30,Omicron
XBB.1.16.31,Omicron
XBB.1.16.32,Omicron
XBB.1.16.4,Omicron
XBB.1.16.5,Omicron
XBB.1.16.6,Omicron
XBB.1.16.7,Omicron
XBB.1.16.8,Omicron
XBB.1.16.9,Omicron
XBB.1.19,XBB.X
XBB.1.21,XBB.X
XBB.1.22.2,XBB.X
XBB.1.22.3,XBB.X
XBB.1.24.1,XBB.X
XBB.1.29,XBB.X
XBB.1.30,XBB.X
XBB.1.32,XBB.X
XBB.1.33,XBB.X
XBB.1.34,XBB.X
XBB.1.34.1,XBB.X
XBB.1.35,XBB.X
XBB.1.37.1,XBB.X
XBB.1.4.1,XBB.X
XBB.1.4.2,XBB.X
XBB.1.41.2,XBB.X
XBB.1.41.3,XBB.X
XBB.1.42.2,XBB.X
XBB.1.43.1,XBB.X
XBB.1.44,XBB.X
XBB.1.45,XBB.X
XBB.1.45.1,XBB.X
XBB.1.5.100,Omicron
XBB.1.5.101,Omicron
XBB.1.5.103,Omicron
XBB.1.5.105,Omicron
XBB.1.5.106,Omicron
XBB.1.5.108,Omicron
XBB.1.5.109,Omicron
XBB.1.5.11,Omicron
XBB.1.5.13,Omicron
XBB.1.5.15,Omicron
XBB.1.5.16,Omicron
XBB.1.5.18,Omicron
XBB.1.5.19,Omicron
XBB.1.5.20,Omicron
XBB.1.5.21,Omicron
XBB.1.5.22,Omicron
XBB.1.5.25,Omicron
XBB.1.5.26,Omicron
XBB.1.5.27,Omicron
XBB.1.5.29,Omicron
XBB.1.5.30,Omicron
XBB.1.5.31,Omicron
XBB.1.5.32,Omicron
XBB.1.5.33,Omicron
XBB.1.5.34,Omicron
XBB.1.5.35,Omicron
XBB.1.5.37,Omicron
XBB.1.5.38,Omicron
XBB.1.5.39,Omicron
XBB.1.5.41,Omicron
XBB.1.5.42,Omicron
XBB.1.5.44,Omicron
XBB.1.5.46,Omicron
XBB.1.5.49,Omicron
XBB.1.5.5,Omicron
XBB.1.5.50,Omicron
XBB.1.5.51,Omicron
XBB.1.5.52,Omicron
XBB.1.5.54,Omicron
XBB.1.5.56,Omicron
XBB.1.5.6,Omicron
XBB.1.5.60,Omicron
XBB.1.5.61,Omicron
XBB.1.5.64,Omicron
XBB.1.5.65,Omicron
XBB.1.5.68,Omicron
XBB.1.5.69,Omicron
XBB.1.5.7,Omicron
XBB.1.5.71,Omicron
XBB.1.5.72,Omicron
XBB.1.5.73,Omicron
XBB.1.5.76,Omicron
XBB.1.5.77,Omicron
XBB.1.5.78,Omicron
XBB.1.5.79,Omicron
XBB.1.5.8,Omicron
XBB.1.5.80,Omicron
XBB.1.5.81,Omicron
XBB.1.5.86,Omicron
XBB.1.5.88,Omicron
XBB.1.5.89,Omicron
XBB.1.5.9,Omicron
XBB.1.5.90,Omicron
XBB.1.5.93,Omicron
XBB.1.5.94,Omicron
XBB.1.5.95,Omicron
XBB.1.5.96,Omicron
XBB.1.5.97,Omicron
XBB.1.5.98,Omicron
XBB.1.5.99,Omicron
XBB.1.6,XBB.X
XBB.1.7,XBB.X
XBB.1.8,XBB.X
XBB.1.9.1,Omicron
XBB.1.9.5,XBB.X
XBB.2.1,XBB.X
XBB.2.10,XBB.X
XBB.2.11.1,XBB.X
XBB.2.2,XBB.X
XBB.2.3,XBB.2.3X
XBB.2.3.1,XBB.2.3X
XBB.2.3.15,XBB.2.3X
XBB.2.3.16,XBB.2.3X
XBB.2.3.17,XBB.2.3X
XBB.2.3.19,XBB.2.3X
XBB.2.3.2,XBB.2.3X
XBB.2.3.20,XBB.2.3X
XBB.2.3.21,XBB.2.3X
XBB.2.3.3,XBB.2.3X
XBB.2.3.4,XBB.2.3X
XBB.2.3.5,XBB.2.3X
XBB.2.3.8,XBB.2.3X
XBB.2.3.9,XBB.2.3X
XBB.2.6,XBB.X
XBB.2.6.2,XBB.X
XBB.3,XBB.X
XBB.3.1,XBB.X
XBB.3.2,XBB.X
XBB.3.3,XBB.X
XBB.3.4,XBB.X
XBB.4,XBB.X
XBB.6.1,XBB.X
XBB.8,XBB.X
XBB.8.1,XBB.X
XBB.9,XBB.X
XBC.1,
XBC.1.2.1,
XBC.1.3,
XBC.1.3.1,
XBC.1.6,
XBD,Omicron
XBE,Omicron
XBF,Omicron
XBF.1.1,Omicron
XBF.2,Omicron
XBF.3,Omicron
XBF.4,Omicron
XBF.5,Omicron
XBF.6,Omicron
XBF.7.1,Omicron
XBF.9,Omicron
XBG,Omicron
XBH,Omicron
XBJ,Omicron
XBJ.2,Omicron
XBJ.3,Omicron
XBK,Omicron
XBK.1,Omicron
XBL,
XBL.1,
XBL.3,
XBM,Omicron
XBN,
XBP,Omicron
XBQ,Omicron
XBR,Omicron
XBS,Omicron
XBT,Omicron
XBV,
XBW,
XBZ,Omicron
XCA,Omicron
XCE,
XCF,
XCF.1,
XCF.3,
XCG,
XCH,
XCH.1,
XCK,
XCL,
XCM,
XCP,
XCQ,
XCR,
XCT,
XCT.1,
XCU,
XCV,
XCW,
XCZ,
XD,
XDA,
XDA.1,
XDD,
XDD.1.1,
XDE,
XDG,
XDK,
XDK.1,
XDL,
XDM,
XDN,
XDP,
XDQ,
XDQ.1,
XDR,
XDS,
XDT,
XE,Omicron
XF,
XG,Omicron
XH,Omicron
XL,Omicron
XN,Omicron
XP,Omicron
XQ,Omicron
XR,Omicron
XS,
XV,Omicron
XW,Omicron
XY,Omicron
XZ,Omicron
Y.1,
Z.1,
